X,Y,FID,valeur,source,type_zone,code_zone,lib_zone,val_no2,val_so2,val_o3,val_pm10,val_pm25,couleur,x_lamb93,y_lamb93,date_ech,qualif
2.346830713456568,48.86182838996853,1,3,Airparif,UU,00851,Unité urbaine de Paris,2,1,3,2,0,#84BF75,652080,6862620,2020-01-02T23:00:00.000Z,Bon
2.346830713456568,48.86182838996853,2,2,Airparif,UU,00851,Unité urbaine de Paris,2,1,2,2,0,#84BF75,652080,6862620,2020-01-01T23:00:00.000Z,Très bon
2.346830713456568,48.86182838996853,3,4,Airparif,UU,00851,Unité urbaine de Paris,2,1,1,4,0,#84BF75,652080,6862620,2019-12-31T23:00:00.000Z,Bon
2.346830713456568,48.86182838996853,4,8,Airparif,UU,00851,Unité urbaine de Paris,3,1,1,8,0,#D82517,652080,6862620,2019-12-30T23:00:00.000Z,Mauvais
2.346830713456568,48.86182838996853,5,7,Airparif,UU,00851,Unité urbaine de Paris,3,1,1,7,0,#F29400,652080,6862620,2019-12-29T23:00:00.000Z,Médiocre
2.346830713456568,48.86182838996853,6,5,Airparif,UU,00851,Unité urbaine de Paris,2,1,1,5,0,#F29400,652080,6862620,2019-12-28T23:00:00.000Z,Moyen
2.346830713456568,48.86182838996853,7,3,Airparif,UU,00851,Unité urbaine de Paris,2,1,2,3,0,#84BF75,652080,6862620,2019-12-27T23:00:00.000Z,Bon
2.346830713456568,48.86182838996853,8,3,Airparif,UU,00851,Unité urbaine de Paris,2,1,3,2,0,#84BF75,652080,6862620,2019-12-26T23:00:00.000Z,Bon
2.346830713456568,48.86182838996853,9,3,Airparif,UU,00851,Unité urbaine de Paris,2,1,3,3,0,#84BF75,652080,6862620,2019-12-25T23:00:00.000Z,Bon
2.346830713456568,48.86182838996853,10,3,Airparif,UU,00851,Unité urbaine de Paris,3,1,3,2,0,#84BF75,652080,6862620,2019-12-24T23:00:00.000Z,Bon
2.346830713456568,48.86182838996853,11,3,Airparif,UU,00851,Unité urbaine de Paris,2,1,3,3,0,#84BF75,652080,6862620,2019-12-23T23:00:00.000Z,Bon
2.346830713456568,48.86182838996853,12,3,Airparif,UU,00851,Unité urbaine de Paris,2,1,3,3,0,#84BF75,652080,6862620,2019-12-22T23:00:00.000Z,Bon
2.346830713456568,48.86182838996853,13,3,Airparif,UU,00851,Unité urbaine de Paris,1,1,3,2,0,#84BF75,652080,6862620,2019-12-21T23:00:00.000Z,Bon
2.346830713456568,48.86182838996853,14,3,Airparif,UU,00851,Unité urbaine de Paris,1,1,3,2,0,#84BF75,652080,6862620,2019-12-20T23:00:00.000Z,Bon
2.346830713456568,48.86182838996853,15,3,Airparif,UU,00851,Unité urbaine de Paris,2,1,3,2,0,#84BF75,652080,6862620,2019-12-19T23:00:00.000Z,Bon
2.346830713456568,48.86182838996853,16,3,Airparif,UU,00851,Unité urbaine de Paris,2,1,2,3,0,#84BF75,652080,6862620,2019-12-18T23:00:00.000Z,Bon
2.346830713456568,48.86182838996853,17,3,Airparif,UU,00851,Unité urbaine de Paris,3,1,2,3,0,#84BF75,652080,6862620,2019-12-17T23:00:00.000Z,Bon
2.346830713456568,48.86182838996853,18,3,Airparif,UU,00851,Unité urbaine de Paris,3,1,2,2,0,#84BF75,652080,6862620,2019-12-16T23:00:00.000Z,Bon
2.346830713456568,48.86182838996853,19,3,Airparif,UU,00851,Unité urbaine de Paris,3,1,3,2,0,#84BF75,652080,6862620,2019-12-15T23:00:00.000Z,Bon
2.346830713456568,48.86182838996853,20,4,Airparif,UU,00851,Unité urbaine de Paris,3,1,4,2,0,#84BF75,652080,6862620,2019-12-14T23:00:00.000Z,Bon
2.346830713456568,48.86182838996853,21,4,Airparif,UU,00851,Unité urbaine de Paris,3,1,4,3,0,#84BF75,652080,6862620,2019-12-13T23:00:00.000Z,Bon
2.346830713456568,48.86182838996853,22,3,Airparif,UU,00851,Unité urbaine de Paris,2,1,3,2,0,#84BF75,652080,6862620,2019-12-12T23:00:00.000Z,Bon
2.346830713456568,48.86182838996853,23,3,Airparif,UU,00851,Unité urbaine de Paris,2,1,3,2,0,#84BF75,652080,6862620,2019-12-11T23:00:00.000Z,Bon
2.346830713456568,48.86182838996853,24,3,Airparif,UU,00851,Unité urbaine de Paris,3,1,3,2,0,#84BF75,652080,6862620,2019-12-10T23:00:00.000Z,Bon
2.346830713456568,48.86182838996853,25,4,Airparif,UU,00851,Unité urbaine de Paris,3,1,2,4,0,#84BF75,652080,6862620,2019-12-09T23:00:00.000Z,Bon
2.346830713456568,48.86182838996853,26,3,Airparif,UU,00851,Unité urbaine de Paris,3,1,3,2,0,#84BF75,652080,6862620,2019-12-08T23:00:00.000Z,Bon
2.346830713456568,48.86182838996853,27,3,Airparif,UU,00851,Unité urbaine de Paris,1,1,3,2,0,#84BF75,652080,6862620,2019-12-07T23:00:00.000Z,Bon
2.346830713456568,48.86182838996853,28,2,Airparif,UU,00851,Unité urbaine de Paris,2,1,2,2,0,#84BF75,652080,6862620,2019-12-06T23:00:00.000Z,Très bon
2.346830713456568,48.86182838996853,29,3,Airparif,UU,00851,Unité urbaine de Paris,2,1,2,3,0,#84BF75,652080,6862620,2019-12-05T23:00:00.000Z,Bon
2.346830713456568,48.86182838996853,30,5,Airparif,UU,00851,Unité urbaine de Paris,3,1,1,5,0,#F29400,652080,6862620,2019-12-04T23:00:00.000Z,Moyen
2.346830713456568,48.86182838996853,31,6,Airparif,UU,00851,Unité urbaine de Paris,3,1,1,6,0,#F29400,652080,6862620,2019-12-03T23:00:00.000Z,Médiocre
2.346830713456568,48.86182838996853,32,4,Airparif,UU,00851,Unité urbaine de Paris,3,1,1,4,0,#84BF75,652080,6862620,2019-12-02T23:00:00.000Z,Bon
2.346830713456568,48.86182838996853,33,5,Airparif,UU,00851,Unité urbaine de Paris,3,1,2,5,0,#F29400,652080,6862620,2019-12-01T23:00:00.000Z,Moyen
2.346830713456568,48.86182838996853,34,3,Airparif,UU,00851,Unité urbaine de Paris,2,1,2,3,0,#84BF75,652080,6862620,2019-11-30T23:00:00.000Z,Bon
2.346830713456568,48.86182838996853,35,3,Airparif,UU,00851,Unité urbaine de Paris,2,1,3,3,0,#84BF75,652080,6862620,2019-11-29T23:00:00.000Z,Bon
2.346830713456568,48.86182838996853,36,3,Airparif,UU,00851,Unité urbaine de Paris,3,1,2,3,0,#84BF75,652080,6862620,2019-11-28T23:00:00.000Z,Bon
2.346830713456568,48.86182838996853,37,3,Airparif,UU,00851,Unité urbaine de Paris,2,1,3,2,0,#84BF75,652080,6862620,2019-11-27T23:00:00.000Z,Bon
2.346830713456568,48.86182838996853,38,3,Airparif,UU,00851,Unité urbaine de Paris,1,1,3,2,0,#84BF75,652080,6862620,2019-11-26T23:00:00.000Z,Bon
2.346830713456568,48.86182838996853,39,2,Airparif,UU,00851,Unité urbaine de Paris,2,1,2,2,0,#84BF75,652080,6862620,2019-11-25T23:00:00.000Z,Très bon
2.346830713456568,48.86182838996853,40,2,Airparif,UU,00851,Unité urbaine de Paris,2,1,2,2,0,#84BF75,652080,6862620,2019-11-24T23:00:00.000Z,Très bon
2.346830713456568,48.86182838996853,41,3,Airparif,UU,00851,Unité urbaine de Paris,3,1,3,3,0,#84BF75,652080,6862620,2019-11-23T23:00:00.000Z,Bon
2.346830713456568,48.86182838996853,42,3,Airparif,UU,00851,Unité urbaine de Paris,2,1,2,3,0,#84BF75,652080,6862620,2019-11-22T23:00:00.000Z,Bon
2.346830713456568,48.86182838996853,43,3,Airparif,UU,00851,Unité urbaine de Paris,2,1,3,2,0,#84BF75,652080,6862620,2019-11-21T23:00:00.000Z,Bon
2.346830713456568,48.86182838996853,44,4,Airparif,UU,00851,Unité urbaine de Paris,2,1,2,4,0,#84BF75,652080,6862620,2019-11-20T23:00:00.000Z,Bon
2.346830713456568,48.86182838996853,45,4,Airparif,UU,00851,Unité urbaine de Paris,3,1,2,4,0,#84BF75,652080,6862620,2019-11-19T23:00:00.000Z,Bon
2.346830713456568,48.86182838996853,46,4,Airparif,UU,00851,Unité urbaine de Paris,3,1,2,4,0,#84BF75,652080,6862620,2019-11-18T23:00:00.000Z,Bon
2.346830713456568,48.86182838996853,47,3,Airparif,UU,00851,Unité urbaine de Paris,2,1,1,3,0,#84BF75,652080,6862620,2019-11-17T23:00:00.000Z,Bon
2.346830713456568,48.86182838996853,48,3,Airparif,UU,00851,Unité urbaine de Paris,2,1,2,3,0,#84BF75,652080,6862620,2019-11-16T23:00:00.000Z,Bon
2.346830713456568,48.86182838996853,49,2,Airparif,UU,00851,Unité urbaine de Paris,2,1,2,2,0,#84BF75,652080,6862620,2019-11-15T23:00:00.000Z,Très bon
2.346830713456568,48.86182838996853,50,2,Airparif,UU,00851,Unité urbaine de Paris,2,1,2,2,0,#84BF75,652080,6862620,2019-11-14T23:00:00.000Z,Très bon
2.346830713456568,48.86182838996853,51,3,Airparif,UU,00851,Unité urbaine de Paris,3,1,3,2,0,#84BF75,652080,6862620,2019-11-13T23:00:00.000Z,Bon
2.346830713456568,48.86182838996853,52,3,Airparif,UU,00851,Unité urbaine de Paris,3,1,2,3,0,#84BF75,652080,6862620,2019-11-12T23:00:00.000Z,Bon
2.346830713456568,48.86182838996853,53,3,Airparif,UU,00851,Unité urbaine de Paris,3,1,3,2,0,#84BF75,652080,6862620,2019-11-11T23:00:00.000Z,Bon
2.346830713456568,48.86182838996853,54,3,Airparif,UU,00851,Unité urbaine de Paris,2,1,3,2,0,#84BF75,652080,6862620,2019-11-10T23:00:00.000Z,Bon
2.346830713456568,48.86182838996853,55,3,Airparif,UU,00851,Unité urbaine de Paris,2,1,2,3,0,#84BF75,652080,6862620,2019-11-09T23:00:00.000Z,Bon
2.346830713456568,48.86182838996853,56,3,Airparif,UU,00851,Unité urbaine de Paris,2,1,2,3,0,#84BF75,652080,6862620,2019-11-08T23:00:00.000Z,Bon
2.346830713456568,48.86182838996853,57,3,Airparif,UU,00851,Unité urbaine de Paris,3,1,2,3,0,#84BF75,652080,6862620,2019-11-07T23:00:00.000Z,Bon
2.346830713456568,48.86182838996853,58,3,Airparif,UU,00851,Unité urbaine de Paris,2,1,3,2,0,#84BF75,652080,6862620,2019-11-06T23:00:00.000Z,Bon
2.346830713456568,48.86182838996853,59,3,Airparif,UU,00851,Unité urbaine de Paris,2,1,2,3,0,#84BF75,652080,6862620,2019-11-05T23:00:00.000Z,Bon
2.346830713456568,48.86182838996853,60,3,Airparif,UU,00851,Unité urbaine de Paris,3,1,3,3,0,#84BF75,652080,6862620,2019-11-04T23:00:00.000Z,Bon
2.346830713456568,48.86182838996853,61,3,Airparif,UU,00851,Unité urbaine de Paris,2,1,3,2,0,#84BF75,652080,6862620,2019-11-03T23:00:00.000Z,Bon
2.346830713456568,48.86182838996853,62,3,Airparif,UU,00851,Unité urbaine de Paris,1,1,3,1,0,#84BF75,652080,6862620,2019-11-02T23:00:00.000Z,Bon
2.346830713456568,48.86182838996853,63,3,Airparif,UU,00851,Unité urbaine de Paris,1,1,3,2,0,#84BF75,652080,6862620,2019-11-01T23:00:00.000Z,Bon
2.346830713456568,48.86182838996853,64,2,Airparif,UU,00851,Unité urbaine de Paris,2,1,2,2,0,#84BF75,652080,6862620,2019-10-31T23:00:00.000Z,Très bon
2.346830713456568,48.86182838996853,65,4,Airparif,UU,00851,Unité urbaine de Paris,2,1,1,4,0,#84BF75,652080,6862620,2019-10-30T23:00:00.000Z,Bon
2.346830713456568,48.86182838996853,66,4,Airparif,UU,00851,Unité urbaine de Paris,2,1,1,4,0,#84BF75,652080,6862620,2019-10-29T23:00:00.000Z,Bon
2.346830713456568,48.86182838996853,67,3,Airparif,UU,00851,Unité urbaine de Paris,2,1,2,3,0,#84BF75,652080,6862620,2019-10-28T23:00:00.000Z,Bon
2.346830713456568,48.86182838996853,68,3,Airparif,UU,00851,Unité urbaine de Paris,2,1,2,3,0,#84BF75,652080,6862620,2019-10-27T23:00:00.000Z,Bon
2.346830713456568,48.86182838996853,69,3,Airparif,UU,00851,Unité urbaine de Paris,2,1,3,2,0,#84BF75,652080,6862620,2019-10-26T22:00:00.000Z,Bon
2.346830713456568,48.86182838996853,70,2,Airparif,UU,00851,Unité urbaine de Paris,2,1,2,2,0,#84BF75,652080,6862620,2019-10-25T22:00:00.000Z,Très bon
2.346830713456568,48.86182838996853,71,2,Airparif,UU,00851,Unité urbaine de Paris,2,1,2,2,0,#84BF75,652080,6862620,2019-10-24T22:00:00.000Z,Très bon
2.346830713456568,48.86182838996853,72,3,Airparif,UU,00851,Unité urbaine de Paris,2,1,3,3,0,#84BF75,652080,6862620,2019-10-23T22:00:00.000Z,Bon
2.346830713456568,48.86182838996853,73,4,Airparif,UU,00851,Unité urbaine de Paris,2,1,2,4,0,#84BF75,652080,6862620,2019-10-22T22:00:00.000Z,Bon
2.346830713456568,48.86182838996853,74,3,Airparif,UU,00851,Unité urbaine de Paris,3,1,2,3,0,#84BF75,652080,6862620,2019-10-21T22:00:00.000Z,Bon
2.346830713456568,48.86182838996853,75,3,Airparif,UU,00851,Unité urbaine de Paris,3,1,3,2,0,#84BF75,652080,6862620,2019-10-20T22:00:00.000Z,Bon
2.346830713456568,48.86182838996853,76,3,Airparif,UU,00851,Unité urbaine de Paris,2,1,3,2,0,#84BF75,652080,6862620,2019-10-19T22:00:00.000Z,Bon
2.346830713456568,48.86182838996853,77,3,Airparif,UU,00851,Unité urbaine de Paris,3,1,3,2,0,#84BF75,652080,6862620,2019-10-18T22:00:00.000Z,Bon
2.346830713456568,48.86182838996853,78,3,Airparif,UU,00851,Unité urbaine de Paris,2,1,3,2,0,#84BF75,652080,6862620,2019-10-17T22:00:00.000Z,Bon
2.346830713456568,48.86182838996853,79,3,Airparif,UU,00851,Unité urbaine de Paris,2,1,3,2,0,#84BF75,652080,6862620,2019-10-16T22:00:00.000Z,Bon
2.346830713456568,48.86182838996853,80,3,Airparif,UU,00851,Unité urbaine de Paris,1,1,3,2,0,#84BF75,652080,6862620,2019-10-15T22:00:00.000Z,Bon
2.346830713456568,48.86182838996853,81,3,Airparif,UU,00851,Unité urbaine de Paris,2,1,3,2,0,#84BF75,652080,6862620,2019-10-14T22:00:00.000Z,Bon
2.346830713456568,48.86182838996853,82,3,Airparif,UU,00851,Unité urbaine de Paris,2,1,3,3,0,#84BF75,652080,6862620,2019-10-13T22:00:00.000Z,Bon
2.346830713456568,48.86182838996853,83,3,Airparif,UU,00851,Unité urbaine de Paris,2,1,3,3,0,#84BF75,652080,6862620,2019-10-12T22:00:00.000Z,Bon
2.346830713456568,48.86182838996853,84,3,Airparif,UU,00851,Unité urbaine de Paris,3,1,3,3,0,#84BF75,652080,6862620,2019-10-11T22:00:00.000Z,Bon
2.346830713456568,48.86182838996853,85,3,Airparif,UU,00851,Unité urbaine de Paris,3,1,3,3,0,#84BF75,652080,6862620,2019-10-10T22:00:00.000Z,Bon
2.346830713456568,48.86182838996853,86,3,Airparif,UU,00851,Unité urbaine de Paris,3,1,3,3,0,#84BF75,652080,6862620,2019-10-09T22:00:00.000Z,Bon
2.346830713456568,48.86182838996853,87,3,Airparif,UU,00851,Unité urbaine de Paris,2,1,3,2,0,#84BF75,652080,6862620,2019-10-08T22:00:00.000Z,Bon
2.346830713456568,48.86182838996853,88,3,Airparif,UU,00851,Unité urbaine de Paris,2,1,3,2,0,#84BF75,652080,6862620,2019-10-07T22:00:00.000Z,Bon
2.346830713456568,48.86182838996853,89,3,Airparif,UU,00851,Unité urbaine de Paris,2,1,3,3,0,#84BF75,652080,6862620,2019-10-06T22:00:00.000Z,Bon
2.346830713456568,48.86182838996853,90,3,Airparif,UU,00851,Unité urbaine de Paris,1,1,3,2,0,#84BF75,652080,6862620,2019-10-05T22:00:00.000Z,Bon
2.346830713456568,48.86182838996853,91,2,Airparif,UU,00851,Unité urbaine de Paris,2,1,2,2,0,#84BF75,652080,6862620,2019-10-04T22:00:00.000Z,Très bon
2.346830713456568,48.86182838996853,92,3,Airparif,UU,00851,Unité urbaine de Paris,2,1,3,3,0,#84BF75,652080,6862620,2019-10-03T22:00:00.000Z,Bon
2.346830713456568,48.86182838996853,93,3,Airparif,UU,00851,Unité urbaine de Paris,3,1,3,3,0,#84BF75,652080,6862620,2019-10-02T22:00:00.000Z,Bon
2.346830713456568,48.86182838996853,94,3,Airparif,UU,00851,Unité urbaine de Paris,2,1,3,2,0,#84BF75,652080,6862620,2019-10-01T22:00:00.000Z,Bon
2.346830713456568,48.86182838996853,95,3,Airparif,UU,00851,Unité urbaine de Paris,2,1,3,2,0,#84BF75,652080,6862620,2019-09-30T22:00:00.000Z,Bon
2.346830713456568,48.86182838996853,96,3,Airparif,UU,00851,Unité urbaine de Paris,2,1,3,2,0,#84BF75,652080,6862620,2019-09-29T22:00:00.000Z,Bon
2.346830713456568,48.86182838996853,97,3,Airparif,UU,00851,Unité urbaine de Paris,1,1,3,2,0,#84BF75,652080,6862620,2019-09-28T22:00:00.000Z,Bon
2.346830713456568,48.86182838996853,98,3,Airparif,UU,00851,Unité urbaine de Paris,2,1,3,2,0,#84BF75,652080,6862620,2019-09-27T22:00:00.000Z,Bon
2.346830713456568,48.86182838996853,99,3,Airparif,UU,00851,Unité urbaine de Paris,2,1,3,2,0,#84BF75,652080,6862620,2019-09-26T22:00:00.000Z,Bon
2.346830713456568,48.86182838996853,100,3,Airparif,UU,00851,Unité urbaine de Paris,2,1,3,3,0,#84BF75,652080,6862620,2019-09-25T22:00:00.000Z,Bon
2.346830713456568,48.86182838996853,101,3,Airparif,UU,00851,Unité urbaine de Paris,2,1,2,3,0,#84BF75,652080,6862620,2019-09-24T22:00:00.000Z,Bon
2.346830713456568,48.86182838996853,102,2,Airparif,UU,00851,Unité urbaine de Paris,2,1,2,2,0,#84BF75,652080,6862620,2019-09-23T22:00:00.000Z,Très bon
2.346830713456568,48.86182838996853,103,3,Airparif,UU,00851,Unité urbaine de Paris,2,1,3,2,0,#84BF75,652080,6862620,2019-09-22T22:00:00.000Z,Bon
2.346830713456568,48.86182838996853,104,3,Airparif,UU,00851,Unité urbaine de Paris,1,1,3,2,0,#84BF75,652080,6862620,2019-09-21T22:00:00.000Z,Bon
2.346830713456568,48.86182838996853,105,5,Airparif,UU,00851,Unité urbaine de Paris,3,1,5,4,0,#F29400,652080,6862620,2019-09-20T22:00:00.000Z,Moyen
2.346830713456568,48.86182838996853,106,4,Airparif,UU,00851,Unité urbaine de Paris,2,1,4,4,0,#84BF75,652080,6862620,2019-09-19T22:00:00.000Z,Bon
2.346830713456568,48.86182838996853,107,3,Airparif,UU,00851,Unité urbaine de Paris,2,1,3,3,0,#84BF75,652080,6862620,2019-09-18T22:00:00.000Z,Bon
2.346830713456568,48.86182838996853,108,4,Airparif,UU,00851,Unité urbaine de Paris,2,1,3,4,0,#84BF75,652080,6862620,2019-09-17T22:00:00.000Z,Bon
2.346830713456568,48.86182838996853,109,4,Airparif,UU,00851,Unité urbaine de Paris,2,1,4,3,0,#84BF75,652080,6862620,2019-09-16T22:00:00.000Z,Bon
2.346830713456568,48.86182838996853,110,4,Airparif,UU,00851,Unité urbaine de Paris,3,1,4,4,0,#84BF75,652080,6862620,2019-09-15T22:00:00.000Z,Bon
2.346830713456568,48.86182838996853,111,5,Airparif,UU,00851,Unité urbaine de Paris,4,1,5,3,0,#F29400,652080,6862620,2019-09-14T22:00:00.000Z,Moyen
2.346830713456568,48.86182838996853,112,4,Airparif,UU,00851,Unité urbaine de Paris,2,1,4,3,0,#84BF75,652080,6862620,2019-09-13T22:00:00.000Z,Bon
2.346830713456568,48.86182838996853,113,3,Airparif,UU,00851,Unité urbaine de Paris,2,1,3,3,0,#84BF75,652080,6862620,2019-09-12T22:00:00.000Z,Bon
2.346830713456568,48.86182838996853,114,2,Airparif,UU,00851,Unité urbaine de Paris,2,1,2,2,0,#84BF75,652080,6862620,2019-09-11T22:00:00.000Z,Très bon
2.346830713456568,48.86182838996853,115,3,Airparif,UU,00851,Unité urbaine de Paris,3,1,3,3,0,#84BF75,652080,6862620,2019-09-10T22:00:00.000Z,Bon
2.346830713456568,48.86182838996853,116,4,Airparif,UU,00851,Unité urbaine de Paris,3,1,4,3,0,#84BF75,652080,6862620,2019-09-09T22:00:00.000Z,Bon
2.346830713456568,48.86182838996853,117,3,Airparif,UU,00851,Unité urbaine de Paris,3,1,3,3,0,#84BF75,652080,6862620,2019-09-08T22:00:00.000Z,Bon
2.346830713456568,48.86182838996853,118,3,Airparif,UU,00851,Unité urbaine de Paris,2,1,3,2,0,#84BF75,652080,6862620,2019-09-07T22:00:00.000Z,Bon
2.346830713456568,48.86182838996853,119,3,Airparif,UU,00851,Unité urbaine de Paris,1,1,3,2,0,#84BF75,652080,6862620,2019-09-06T22:00:00.000Z,Bon
2.346830713456568,48.86182838996853,120,4,Airparif,UU,00851,Unité urbaine de Paris,3,1,4,3,0,#84BF75,652080,6862620,2019-09-05T22:00:00.000Z,Bon
2.346830713456568,48.86182838996853,121,3,Airparif,UU,00851,Unité urbaine de Paris,2,1,3,3,0,#84BF75,652080,6862620,2019-09-04T22:00:00.000Z,Bon
2.346830713456568,48.86182838996853,122,4,Airparif,UU,00851,Unité urbaine de Paris,3,1,4,4,0,#84BF75,652080,6862620,2019-09-03T22:00:00.000Z,Bon
2.346830713456568,48.86182838996853,123,4,Airparif,UU,00851,Unité urbaine de Paris,3,1,4,3,0,#84BF75,652080,6862620,2019-09-02T22:00:00.000Z,Bon
2.346830713456568,48.86182838996853,124,4,Airparif,UU,00851,Unité urbaine de Paris,2,1,4,3,0,#84BF75,652080,6862620,2019-09-01T22:00:00.000Z,Bon
2.346830713456568,48.86182838996853,125,4,Airparif,UU,00851,Unité urbaine de Paris,1,1,4,2,0,#84BF75,652080,6862620,2019-08-31T22:00:00.000Z,Bon
2.346830713456568,48.86182838996853,126,5,Airparif,UU,00851,Unité urbaine de Paris,2,1,5,3,0,#F29400,652080,6862620,2019-08-30T22:00:00.000Z,Moyen
2.346830713456568,48.86182838996853,127,5,Airparif,UU,00851,Unité urbaine de Paris,3,1,5,3,0,#F29400,652080,6862620,2019-08-29T22:00:00.000Z,Moyen
2.346830713456568,48.86182838996853,128,4,Airparif,UU,00851,Unité urbaine de Paris,2,1,4,3,0,#84BF75,652080,6862620,2019-08-28T22:00:00.000Z,Bon
2.346830713456568,48.86182838996853,129,5,Airparif,UU,00851,Unité urbaine de Paris,3,1,5,4,0,#F29400,652080,6862620,2019-08-27T22:00:00.000Z,Moyen
2.346830713456568,48.86182838996853,130,7,Airparif,UU,00851,Unité urbaine de Paris,3,1,7,5,0,#F29400,652080,6862620,2019-08-26T22:00:00.000Z,Médiocre
2.346830713456568,48.86182838996853,131,6,Airparif,UU,00851,Unité urbaine de Paris,4,1,6,4,0,#F29400,652080,6862620,2019-08-25T22:00:00.000Z,Médiocre
2.346830713456568,48.86182838996853,132,7,Airparif,UU,00851,Unité urbaine de Paris,4,1,7,4,0,#F29400,652080,6862620,2019-08-24T22:00:00.000Z,Médiocre
2.346830713456568,48.86182838996853,133,5,Airparif,UU,00851,Unité urbaine de Paris,3,1,5,4,0,#F29400,652080,6862620,2019-08-23T22:00:00.000Z,Moyen
2.346830713456568,48.86182838996853,134,6,Airparif,UU,00851,Unité urbaine de Paris,3,1,6,4,0,#F29400,652080,6862620,2019-08-22T22:00:00.000Z,Médiocre
2.346830713456568,48.86182838996853,135,5,Airparif,UU,00851,Unité urbaine de Paris,3,1,5,4,0,#F29400,652080,6862620,2019-08-21T22:00:00.000Z,Moyen
2.346830713456568,48.86182838996853,136,4,Airparif,UU,00851,Unité urbaine de Paris,2,1,4,3,0,#84BF75,652080,6862620,2019-08-20T22:00:00.000Z,Bon
2.346830713456568,48.86182838996853,137,4,Airparif,UU,00851,Unité urbaine de Paris,2,1,4,3,0,#84BF75,652080,6862620,2019-08-19T22:00:00.000Z,Bon
2.346830713456568,48.86182838996853,138,3,Airparif,UU,00851,Unité urbaine de Paris,2,1,3,3,0,#84BF75,652080,6862620,2019-08-18T22:00:00.000Z,Bon
2.346830713456568,48.86182838996853,139,3,Airparif,UU,00851,Unité urbaine de Paris,2,1,3,2,0,#84BF75,652080,6862620,2019-08-17T22:00:00.000Z,Bon
2.346830713456568,48.86182838996853,140,2,Airparif,UU,00851,Unité urbaine de Paris,1,1,2,1,0,#84BF75,652080,6862620,2019-08-16T22:00:00.000Z,Très bon
2.346830713456568,48.86182838996853,141,3,Airparif,UU,00851,Unité urbaine de Paris,2,1,3,2,0,#84BF75,652080,6862620,2019-08-15T22:00:00.000Z,Bon
2.346830713456568,48.86182838996853,142,3,Airparif,UU,00851,Unité urbaine de Paris,1,1,3,2,0,#84BF75,652080,6862620,2019-08-14T22:00:00.000Z,Bon
2.346830713456568,48.86182838996853,143,3,Airparif,UU,00851,Unité urbaine de Paris,2,1,3,2,0,#84BF75,652080,6862620,2019-08-13T22:00:00.000Z,Bon
2.346830713456568,48.86182838996853,144,3,Airparif,UU,00851,Unité urbaine de Paris,2,1,3,2,0,#84BF75,652080,6862620,2019-08-12T22:00:00.000Z,Bon
2.346830713456568,48.86182838996853,145,3,Airparif,UU,00851,Unité urbaine de Paris,2,1,3,2,0,#84BF75,652080,6862620,2019-08-11T22:00:00.000Z,Bon
2.346830713456568,48.86182838996853,146,3,Airparif,UU,00851,Unité urbaine de Paris,1,1,3,3,0,#84BF75,652080,6862620,2019-08-10T22:00:00.000Z,Bon
2.346830713456568,48.86182838996853,147,4,Airparif,UU,00851,Unité urbaine de Paris,1,1,4,3,0,#84BF75,652080,6862620,2019-08-09T22:00:00.000Z,Bon
2.346830713456568,48.86182838996853,148,3,Airparif,UU,00851,Unité urbaine de Paris,2,1,3,2,0,#84BF75,652080,6862620,2019-08-08T22:00:00.000Z,Bon
2.346830713456568,48.86182838996853,149,4,Airparif,UU,00851,Unité urbaine de Paris,2,1,4,3,0,#84BF75,652080,6862620,2019-08-07T22:00:00.000Z,Bon
2.346830713456568,48.86182838996853,150,3,Airparif,UU,00851,Unité urbaine de Paris,2,1,3,2,0,#84BF75,652080,6862620,2019-08-06T22:00:00.000Z,Bon
2.346830713456568,48.86182838996853,151,2,Airparif,UU,00851,Unité urbaine de Paris,1,1,2,2,0,#84BF75,652080,6862620,2019-08-05T22:00:00.000Z,Très bon
2.346830713456568,48.86182838996853,152,3,Airparif,UU,00851,Unité urbaine de Paris,2,1,3,3,0,#84BF75,652080,6862620,2019-08-04T22:00:00.000Z,Bon
2.346830713456568,48.86182838996853,153,5,Airparif,UU,00851,Unité urbaine de Paris,2,1,5,3,0,#F29400,652080,6862620,2019-08-03T22:00:00.000Z,Moyen
2.346830713456568,48.86182838996853,154,4,Airparif,UU,00851,Unité urbaine de Paris,2,1,4,3,0,#84BF75,652080,6862620,2019-08-02T22:00:00.000Z,Bon
2.346830713456568,48.86182838996853,155,4,Airparif,UU,00851,Unité urbaine de Paris,2,1,4,3,0,#84BF75,652080,6862620,2019-08-01T22:00:00.000Z,Bon
2.346830713456568,48.86182838996853,156,4,Airparif,UU,00851,Unité urbaine de Paris,2,1,4,3,0,#84BF75,652080,6862620,2019-07-31T22:00:00.000Z,Bon
2.346830713456568,48.86182838996853,157,3,Airparif,UU,00851,Unité urbaine de Paris,2,1,3,2,0,#84BF75,652080,6862620,2019-07-30T22:00:00.000Z,Bon
2.346830713456568,48.86182838996853,158,3,Airparif,UU,00851,Unité urbaine de Paris,1,1,3,3,0,#84BF75,652080,6862620,2019-07-29T22:00:00.000Z,Bon
2.346830713456568,48.86182838996853,159,5,Airparif,UU,00851,Unité urbaine de Paris,3,1,5,3,0,#F29400,652080,6862620,2019-07-28T22:00:00.000Z,Moyen
2.346830713456568,48.86182838996853,160,3,Airparif,UU,00851,Unité urbaine de Paris,1,1,3,3,0,#84BF75,652080,6862620,2019-07-27T22:00:00.000Z,Bon
2.346830713456568,48.86182838996853,161,3,Airparif,UU,00851,Unité urbaine de Paris,1,1,3,2,0,#84BF75,652080,6862620,2019-07-26T22:00:00.000Z,Bon
2.346830713456568,48.86182838996853,162,5,Airparif,UU,00851,Unité urbaine de Paris,1,1,5,4,0,#F29400,652080,6862620,2019-07-25T22:00:00.000Z,Moyen
2.346830713456568,48.86182838996853,163,7,Airparif,UU,00851,Unité urbaine de Paris,4,1,7,7,0,#F29400,652080,6862620,2019-07-24T22:00:00.000Z,Médiocre
2.346830713456568,48.86182838996853,164,7,Airparif,UU,00851,Unité urbaine de Paris,4,1,7,6,0,#F29400,652080,6862620,2019-07-23T22:00:00.000Z,Médiocre
2.346830713456568,48.86182838996853,165,6,Airparif,UU,00851,Unité urbaine de Paris,3,1,6,5,0,#F29400,652080,6862620,2019-07-22T22:00:00.000Z,Médiocre
2.346830713456568,48.86182838996853,166,6,Airparif,UU,00851,Unité urbaine de Paris,3,1,6,4,0,#F29400,652080,6862620,2019-07-21T22:00:00.000Z,Médiocre
2.346830713456568,48.86182838996853,167,3,Airparif,UU,00851,Unité urbaine de Paris,2,1,3,2,0,#84BF75,652080,6862620,2019-07-20T22:00:00.000Z,Bon
2.346830713456568,48.86182838996853,168,3,Airparif,UU,00851,Unité urbaine de Paris,3,1,3,3,0,#84BF75,652080,6862620,2019-07-19T22:00:00.000Z,Bon
2.346830713456568,48.86182838996853,169,4,Airparif,UU,00851,Unité urbaine de Paris,3,1,4,3,0,#84BF75,652080,6862620,2019-07-18T22:00:00.000Z,Bon
2.346830713456568,48.86182838996853,170,4,Airparif,UU,00851,Unité urbaine de Paris,2,1,4,3,0,#84BF75,652080,6862620,2019-07-17T22:00:00.000Z,Bon
2.346830713456568,48.86182838996853,171,6,Airparif,UU,00851,Unité urbaine de Paris,3,1,6,4,0,#F29400,652080,6862620,2019-07-16T22:00:00.000Z,Médiocre
2.346830713456568,48.86182838996853,172,5,Airparif,UU,00851,Unité urbaine de Paris,2,1,5,4,0,#F29400,652080,6862620,2019-07-15T22:00:00.000Z,Moyen
2.346830713456568,48.86182838996853,173,4,Airparif,UU,00851,Unité urbaine de Paris,1,1,4,3,0,#84BF75,652080,6862620,2019-07-14T22:00:00.000Z,Bon
2.346830713456568,48.86182838996853,174,3,Airparif,UU,00851,Unité urbaine de Paris,1,1,3,2,0,#84BF75,652080,6862620,2019-07-13T22:00:00.000Z,Bon
2.346830713456568,48.86182838996853,175,4,Airparif,UU,00851,Unité urbaine de Paris,1,1,4,3,0,#84BF75,652080,6862620,2019-07-12T22:00:00.000Z,Bon
2.346830713456568,48.86182838996853,176,4,Airparif,UU,00851,Unité urbaine de Paris,2,1,4,3,0,#84BF75,652080,6862620,2019-07-11T22:00:00.000Z,Bon
2.346830713456568,48.86182838996853,177,5,Airparif,UU,00851,Unité urbaine de Paris,3,1,5,5,0,#F29400,652080,6862620,2019-07-10T22:00:00.000Z,Moyen
2.346830713456568,48.86182838996853,178,5,Airparif,UU,00851,Unité urbaine de Paris,3,1,5,4,0,#F29400,652080,6862620,2019-07-09T22:00:00.000Z,Moyen
2.346830713456568,48.86182838996853,179,4,Airparif,UU,00851,Unité urbaine de Paris,2,1,4,3,0,#84BF75,652080,6862620,2019-07-08T22:00:00.000Z,Bon
2.346830713456568,48.86182838996853,180,4,Airparif,UU,00851,Unité urbaine de Paris,1,1,4,3,0,#84BF75,652080,6862620,2019-07-07T22:00:00.000Z,Bon
2.346830713456568,48.86182838996853,181,5,Airparif,UU,00851,Unité urbaine de Paris,1,1,5,3,0,#F29400,652080,6862620,2019-07-06T22:00:00.000Z,Moyen
2.346830713456568,48.86182838996853,182,7,Airparif,UU,00851,Unité urbaine de Paris,2,1,7,4,0,#F29400,652080,6862620,2019-07-05T22:00:00.000Z,Médiocre
2.346830713456568,48.86182838996853,183,5,Airparif,UU,00851,Unité urbaine de Paris,3,1,5,4,0,#F29400,652080,6862620,2019-07-04T22:00:00.000Z,Moyen
2.346830713456568,48.86182838996853,184,5,Airparif,UU,00851,Unité urbaine de Paris,2,1,5,3,0,#F29400,652080,6862620,2019-07-03T22:00:00.000Z,Moyen
2.346830713456568,48.86182838996853,185,5,Airparif,UU,00851,Unité urbaine de Paris,1,1,5,3,0,#F29400,652080,6862620,2019-07-02T22:00:00.000Z,Moyen
2.346830713456568,48.86182838996853,186,4,Airparif,UU,00851,Unité urbaine de Paris,2,1,4,3,0,#84BF75,652080,6862620,2019-07-01T22:00:00.000Z,Bon
2.346830713456568,48.86182838996853,187,4,Airparif,UU,00851,Unité urbaine de Paris,1,1,4,3,0,#84BF75,652080,6862620,2019-06-30T22:00:00.000Z,Bon
2.346830713456568,48.86182838996853,188,5,Airparif,UU,00851,Unité urbaine de Paris,2,1,5,4,0,#F29400,652080,6862620,2019-06-29T22:00:00.000Z,Moyen
2.346830713456568,48.86182838996853,189,7,Airparif,UU,00851,Unité urbaine de Paris,3,1,7,3,0,#F29400,652080,6862620,2019-06-28T22:00:00.000Z,Médiocre
2.346830713456568,48.86182838996853,190,6,Airparif,UU,00851,Unité urbaine de Paris,2,1,6,4,0,#F29400,652080,6862620,2019-06-27T22:00:00.000Z,Médiocre
2.346830713456568,48.86182838996853,191,5,Airparif,UU,00851,Unité urbaine de Paris,1,1,5,5,0,#F29400,652080,6862620,2019-06-26T22:00:00.000Z,Moyen
2.346830713456568,48.86182838996853,192,6,Airparif,UU,00851,Unité urbaine de Paris,2,1,6,6,0,#F29400,652080,6862620,2019-06-25T22:00:00.000Z,Médiocre
2.346830713456568,48.86182838996853,193,5,Airparif,UU,00851,Unité urbaine de Paris,2,1,5,4,0,#F29400,652080,6862620,2019-06-24T22:00:00.000Z,Moyen
2.346830713456568,48.86182838996853,194,5,Airparif,UU,00851,Unité urbaine de Paris,2,1,5,4,0,#F29400,652080,6862620,2019-06-23T22:00:00.000Z,Moyen
2.346830713456568,48.86182838996853,195,4,Airparif,UU,00851,Unité urbaine de Paris,1,1,4,3,0,#84BF75,652080,6862620,2019-06-22T22:00:00.000Z,Bon
2.346830713456568,48.86182838996853,196,5,Airparif,UU,00851,Unité urbaine de Paris,2,1,5,3,0,#F29400,652080,6862620,2019-06-21T22:00:00.000Z,Moyen
2.346830713456568,48.86182838996853,197,4,Airparif,UU,00851,Unité urbaine de Paris,2,1,4,2,0,#84BF75,652080,6862620,2019-06-20T22:00:00.000Z,Bon
2.346830713456568,48.86182838996853,198,3,Airparif,UU,00851,Unité urbaine de Paris,2,1,3,2,0,#84BF75,652080,6862620,2019-06-19T22:00:00.000Z,Bon
2.346830713456568,48.86182838996853,199,4,Airparif,UU,00851,Unité urbaine de Paris,2,1,4,3,0,#84BF75,652080,6862620,2019-06-18T22:00:00.000Z,Bon
2.346830713456568,48.86182838996853,200,5,Airparif,UU,00851,Unité urbaine de Paris,2,1,5,3,0,#F29400,652080,6862620,2019-06-17T22:00:00.000Z,Moyen
2.346830713456568,48.86182838996853,201,4,Airparif,UU,00851,Unité urbaine de Paris,3,1,4,3,0,#84BF75,652080,6862620,2019-06-16T22:00:00.000Z,Bon
2.346830713456568,48.86182838996853,202,3,Airparif,UU,00851,Unité urbaine de Paris,2,1,3,2,0,#84BF75,652080,6862620,2019-06-15T22:00:00.000Z,Bon
2.346830713456568,48.86182838996853,203,4,Airparif,UU,00851,Unité urbaine de Paris,1,1,4,2,0,#84BF75,652080,6862620,2019-06-14T22:00:00.000Z,Bon
2.346830713456568,48.86182838996853,204,4,Airparif,UU,00851,Unité urbaine de Paris,3,1,4,2,0,#84BF75,652080,6862620,2019-06-13T22:00:00.000Z,Bon
2.346830713456568,48.86182838996853,205,3,Airparif,UU,00851,Unité urbaine de Paris,2,1,3,2,0,#84BF75,652080,6862620,2019-06-12T22:00:00.000Z,Bon
2.346830713456568,48.86182838996853,206,3,Airparif,UU,00851,Unité urbaine de Paris,2,1,3,2,0,#84BF75,652080,6862620,2019-06-11T22:00:00.000Z,Bon
2.346830713456568,48.86182838996853,207,4,Airparif,UU,00851,Unité urbaine de Paris,2,1,4,2,0,#84BF75,652080,6862620,2019-06-10T22:00:00.000Z,Bon
2.346830713456568,48.86182838996853,208,3,Airparif,UU,00851,Unité urbaine de Paris,1,1,3,2,0,#84BF75,652080,6862620,2019-06-09T22:00:00.000Z,Bon
2.346830713456568,48.86182838996853,209,4,Airparif,UU,00851,Unité urbaine de Paris,2,1,4,2,0,#84BF75,652080,6862620,2019-06-08T22:00:00.000Z,Bon
2.346830713456568,48.86182838996853,210,3,Airparif,UU,00851,Unité urbaine de Paris,2,1,3,2,0,#84BF75,652080,6862620,2019-06-07T22:00:00.000Z,Bon
2.346830713456568,48.86182838996853,211,4,Airparif,UU,00851,Unité urbaine de Paris,2,1,4,2,0,#84BF75,652080,6862620,2019-06-06T22:00:00.000Z,Bon
2.346830713456568,48.86182838996853,212,4,Airparif,UU,00851,Unité urbaine de Paris,2,1,4,2,0,#84BF75,652080,6862620,2019-06-05T22:00:00.000Z,Bon
2.346830713456568,48.86182838996853,213,3,Airparif,UU,00851,Unité urbaine de Paris,2,1,3,2,0,#84BF75,652080,6862620,2019-06-04T22:00:00.000Z,Bon
2.346830713456568,48.86182838996853,214,4,Airparif,UU,00851,Unité urbaine de Paris,2,1,4,3,0,#84BF75,652080,6862620,2019-06-03T22:00:00.000Z,Bon
2.346830713456568,48.86182838996853,215,3,Airparif,UU,00851,Unité urbaine de Paris,2,1,3,3,0,#84BF75,652080,6862620,2019-06-02T22:00:00.000Z,Bon
2.346830713456568,48.86182838996853,216,5,Airparif,UU,00851,Unité urbaine de Paris,2,1,5,3,0,#F29400,652080,6862620,2019-06-01T22:00:00.000Z,Moyen
2.346830713456568,48.86182838996853,217,4,Airparif,UU,00851,Unité urbaine de Paris,3,1,4,3,0,#84BF75,652080,6862620,2019-05-31T22:00:00.000Z,Bon
2.346830713456568,48.86182838996853,218,4,Airparif,UU,00851,Unité urbaine de Paris,3,1,4,2,0,#84BF75,652080,6862620,2019-05-30T22:00:00.000Z,Bon
2.346830713456568,48.86182838996853,219,2,Airparif,UU,00851,Unité urbaine de Paris,1,1,2,2,0,#84BF75,652080,6862620,2019-05-29T22:00:00.000Z,Très bon
2.346830713456568,48.86182838996853,220,4,Airparif,UU,00851,Unité urbaine de Paris,2,1,4,3,0,#84BF75,652080,6862620,2019-05-28T22:00:00.000Z,Bon
2.346830713456568,48.86182838996853,221,3,Airparif,UU,00851,Unité urbaine de Paris,2,1,3,2,0,#84BF75,652080,6862620,2019-05-27T22:00:00.000Z,Bon
2.346830713456568,48.86182838996853,222,4,Airparif,UU,00851,Unité urbaine de Paris,1,1,4,2,0,#84BF75,652080,6862620,2019-05-26T22:00:00.000Z,Bon
2.346830713456568,48.86182838996853,223,3,Airparif,UU,00851,Unité urbaine de Paris,2,1,3,2,0,#84BF75,652080,6862620,2019-05-25T22:00:00.000Z,Bon
2.346830713456568,48.86182838996853,224,4,Airparif,UU,00851,Unité urbaine de Paris,2,1,4,3,0,#84BF75,652080,6862620,2019-05-24T22:00:00.000Z,Bon
2.346830713456568,48.86182838996853,225,5,Airparif,UU,00851,Unité urbaine de Paris,2,1,5,3,0,#F29400,652080,6862620,2019-05-23T22:00:00.000Z,Moyen
2.346830713456568,48.86182838996853,226,6,Airparif,UU,00851,Unité urbaine de Paris,3,1,6,4,0,#F29400,652080,6862620,2019-05-22T22:00:00.000Z,Médiocre
2.346830713456568,48.86182838996853,227,5,Airparif,UU,00851,Unité urbaine de Paris,3,1,5,4,0,#F29400,652080,6862620,2019-05-21T22:00:00.000Z,Moyen
2.346830713456568,48.86182838996853,228,4,Airparif,UU,00851,Unité urbaine de Paris,3,1,4,4,0,#84BF75,652080,6862620,2019-05-20T22:00:00.000Z,Bon
2.346830713456568,48.86182838996853,229,4,Airparif,UU,00851,Unité urbaine de Paris,2,1,4,3,0,#84BF75,652080,6862620,2019-05-19T22:00:00.000Z,Bon
2.346830713456568,48.86182838996853,230,4,Airparif,UU,00851,Unité urbaine de Paris,2,1,3,4,0,#84BF75,652080,6862620,2019-05-18T22:00:00.000Z,Bon
2.346830713456568,48.86182838996853,231,4,Airparif,UU,00851,Unité urbaine de Paris,2,1,4,2,0,#84BF75,652080,6862620,2019-05-17T22:00:00.000Z,Bon
2.346830713456568,48.86182838996853,232,4,Airparif,UU,00851,Unité urbaine de Paris,3,1,4,4,0,#84BF75,652080,6862620,2019-05-16T22:00:00.000Z,Bon
2.346830713456568,48.86182838996853,233,4,Airparif,UU,00851,Unité urbaine de Paris,3,1,4,3,0,#84BF75,652080,6862620,2019-05-15T22:00:00.000Z,Bon
2.346830713456568,48.86182838996853,234,4,Airparif,UU,00851,Unité urbaine de Paris,2,1,4,3,0,#84BF75,652080,6862620,2019-05-14T22:00:00.000Z,Bon
2.346830713456568,48.86182838996853,235,4,Airparif,UU,00851,Unité urbaine de Paris,2,1,4,3,0,#84BF75,652080,6862620,2019-05-13T22:00:00.000Z,Bon
2.346830713456568,48.86182838996853,236,4,Airparif,UU,00851,Unité urbaine de Paris,2,1,4,3,0,#84BF75,652080,6862620,2019-05-12T22:00:00.000Z,Bon
2.346830713456568,48.86182838996853,237,4,Airparif,UU,00851,Unité urbaine de Paris,2,1,4,2,0,#84BF75,652080,6862620,2019-05-11T22:00:00.000Z,Bon
2.346830713456568,48.86182838996853,238,4,Airparif,UU,00851,Unité urbaine de Paris,2,1,4,2,0,#84BF75,652080,6862620,2019-05-10T22:00:00.000Z,Bon
2.346830713456568,48.86182838996853,239,4,Airparif,UU,00851,Unité urbaine de Paris,3,1,4,2,0,#84BF75,652080,6862620,2019-05-09T22:00:00.000Z,Bon
2.346830713456568,48.86182838996853,240,3,Airparif,UU,00851,Unité urbaine de Paris,2,1,3,2,0,#84BF75,652080,6862620,2019-05-08T22:00:00.000Z,Bon
2.346830713456568,48.86182838996853,241,4,Airparif,UU,00851,Unité urbaine de Paris,2,1,4,2,0,#84BF75,652080,6862620,2019-05-07T22:00:00.000Z,Bon
2.346830713456568,48.86182838996853,242,4,Airparif,UU,00851,Unité urbaine de Paris,3,1,4,3,0,#84BF75,652080,6862620,2019-05-06T22:00:00.000Z,Bon
2.346830713456568,48.86182838996853,243,4,Airparif,UU,00851,Unité urbaine de Paris,3,1,4,3,0,#84BF75,652080,6862620,2019-05-05T22:00:00.000Z,Bon
2.346830713456568,48.86182838996853,244,4,Airparif,UU,00851,Unité urbaine de Paris,2,1,4,2,0,#84BF75,652080,6862620,2019-05-04T22:00:00.000Z,Bon
2.346830713456568,48.86182838996853,245,3,Airparif,UU,00851,Unité urbaine de Paris,2,1,3,2,0,#84BF75,652080,6862620,2019-05-03T22:00:00.000Z,Bon
2.346830713456568,48.86182838996853,246,3,Airparif,UU,00851,Unité urbaine de Paris,2,1,3,3,0,#84BF75,652080,6862620,2019-05-02T22:00:00.000Z,Bon
2.346830713456568,48.86182838996853,247,5,Airparif,UU,00851,Unité urbaine de Paris,2,1,3,5,0,#F29400,652080,6862620,2019-05-01T22:00:00.000Z,Moyen
2.346830713456568,48.86182838996853,248,6,Airparif,UU,00851,Unité urbaine de Paris,2,1,5,6,0,#F29400,652080,6862620,2019-04-30T22:00:00.000Z,Médiocre
2.346830713456568,48.86182838996853,249,6,Airparif,UU,00851,Unité urbaine de Paris,2,1,4,6,0,#F29400,652080,6862620,2019-04-29T22:00:00.000Z,Médiocre
2.346830713456568,48.86182838996853,250,4,Airparif,UU,00851,Unité urbaine de Paris,3,1,4,3,0,#84BF75,652080,6862620,2019-04-28T22:00:00.000Z,Bon
2.346830713456568,48.86182838996853,251,3,Airparif,UU,00851,Unité urbaine de Paris,2,1,3,2,0,#84BF75,652080,6862620,2019-04-27T22:00:00.000Z,Bon
2.346830713456568,48.86182838996853,252,4,Airparif,UU,00851,Unité urbaine de Paris,1,1,4,2,0,#84BF75,652080,6862620,2019-04-26T22:00:00.000Z,Bon
2.346830713456568,48.86182838996853,253,4,Airparif,UU,00851,Unité urbaine de Paris,2,1,4,2,0,#84BF75,652080,6862620,2019-04-25T22:00:00.000Z,Bon
2.346830713456568,48.86182838996853,254,4,Airparif,UU,00851,Unité urbaine de Paris,2,1,4,2,0,#84BF75,652080,6862620,2019-04-24T22:00:00.000Z,Bon
2.346830713456568,48.86182838996853,255,4,Airparif,UU,00851,Unité urbaine de Paris,2,1,4,3,0,#84BF75,652080,6862620,2019-04-23T22:00:00.000Z,Bon
2.346830713456568,48.86182838996853,256,5,Airparif,UU,00851,Unité urbaine de Paris,3,1,4,5,0,#F29400,652080,6862620,2019-04-22T22:00:00.000Z,Moyen
2.346830713456568,48.86182838996853,257,5,Airparif,UU,00851,Unité urbaine de Paris,4,1,5,4,0,#F29400,652080,6862620,2019-04-21T22:00:00.000Z,Moyen
2.346830713456568,48.86182838996853,258,6,Airparif,UU,00851,Unité urbaine de Paris,4,1,6,4,0,#F29400,652080,6862620,2019-04-20T22:00:00.000Z,Médiocre
2.346830713456568,48.86182838996853,259,6,Airparif,UU,00851,Unité urbaine de Paris,3,1,6,3,0,#F29400,652080,6862620,2019-04-19T22:00:00.000Z,Médiocre
2.346830713456568,48.86182838996853,260,5,Airparif,UU,00851,Unité urbaine de Paris,4,1,5,4,0,#F29400,652080,6862620,2019-04-18T22:00:00.000Z,Moyen
2.346830713456568,48.86182838996853,261,5,Airparif,UU,00851,Unité urbaine de Paris,3,1,5,3,0,#F29400,652080,6862620,2019-04-17T22:00:00.000Z,Moyen
2.346830713456568,48.86182838996853,262,4,Airparif,UU,00851,Unité urbaine de Paris,3,1,4,4,0,#84BF75,652080,6862620,2019-04-16T22:00:00.000Z,Bon
2.346830713456568,48.86182838996853,263,4,Airparif,UU,00851,Unité urbaine de Paris,3,1,3,4,0,#84BF75,652080,6862620,2019-04-15T22:00:00.000Z,Bon
2.346830713456568,48.86182838996853,264,5,Airparif,UU,00851,Unité urbaine de Paris,3,1,4,5,0,#F29400,652080,6862620,2019-04-14T22:00:00.000Z,Moyen
2.346830713456568,48.86182838996853,265,4,Airparif,UU,00851,Unité urbaine de Paris,2,1,4,4,0,#84BF75,652080,6862620,2019-04-13T22:00:00.000Z,Bon
2.346830713456568,48.86182838996853,266,4,Airparif,UU,00851,Unité urbaine de Paris,2,1,4,4,0,#84BF75,652080,6862620,2019-04-12T22:00:00.000Z,Bon
2.346830713456568,48.86182838996853,267,5,Airparif,UU,00851,Unité urbaine de Paris,2,1,4,5,0,#F29400,652080,6862620,2019-04-11T22:00:00.000Z,Moyen
2.346830713456568,48.86182838996853,268,5,Airparif,UU,00851,Unité urbaine de Paris,2,1,4,5,0,#F29400,652080,6862620,2019-04-10T22:00:00.000Z,Moyen
2.346830713456568,48.86182838996853,269,6,Airparif,UU,00851,Unité urbaine de Paris,2,1,3,6,0,#F29400,652080,6862620,2019-04-09T22:00:00.000Z,Médiocre
2.346830713456568,48.86182838996853,270,4,Airparif,UU,00851,Unité urbaine de Paris,3,1,4,4,0,#84BF75,652080,6862620,2019-04-08T22:00:00.000Z,Bon
2.346830713456568,48.86182838996853,271,5,Airparif,UU,00851,Unité urbaine de Paris,4,1,4,5,0,#F29400,652080,6862620,2019-04-07T22:00:00.000Z,Moyen
2.346830713456568,48.86182838996853,272,4,Airparif,UU,00851,Unité urbaine de Paris,3,1,4,2,0,#84BF75,652080,6862620,2019-04-06T22:00:00.000Z,Bon
2.346830713456568,48.86182838996853,273,4,Airparif,UU,00851,Unité urbaine de Paris,2,1,4,3,0,#84BF75,652080,6862620,2019-04-05T22:00:00.000Z,Bon
2.346830713456568,48.86182838996853,274,4,Airparif,UU,00851,Unité urbaine de Paris,3,1,4,3,0,#84BF75,652080,6862620,2019-04-04T22:00:00.000Z,Bon
2.346830713456568,48.86182838996853,275,4,Airparif,UU,00851,Unité urbaine de Paris,3,1,4,2,0,#84BF75,652080,6862620,2019-04-03T22:00:00.000Z,Bon
2.346830713456568,48.86182838996853,276,4,Airparif,UU,00851,Unité urbaine de Paris,2,1,4,2,0,#84BF75,652080,6862620,2019-04-02T22:00:00.000Z,Bon
2.346830713456568,48.86182838996853,277,4,Airparif,UU,00851,Unité urbaine de Paris,3,1,4,4,0,#84BF75,652080,6862620,2019-04-01T22:00:00.000Z,Bon
2.346830713456568,48.86182838996853,278,6,Airparif,UU,00851,Unité urbaine de Paris,3,1,5,6,0,#F29400,652080,6862620,2019-03-31T22:00:00.000Z,Médiocre
2.346830713456568,48.86182838996853,279,5,Airparif,UU,00851,Unité urbaine de Paris,4,1,5,5,0,#F29400,652080,6862620,2019-03-30T23:00:00.000Z,Moyen
2.346830713456568,48.86182838996853,280,5,Airparif,UU,00851,Unité urbaine de Paris,5,1,5,5,0,#F29400,652080,6862620,2019-03-29T23:00:00.000Z,Moyen
2.346830713456568,48.86182838996853,281,5,Airparif,UU,00851,Unité urbaine de Paris,4,1,4,5,0,#F29400,652080,6862620,2019-03-28T23:00:00.000Z,Moyen
2.346830713456568,48.86182838996853,282,6,Airparif,UU,00851,Unité urbaine de Paris,3,1,4,6,0,#F29400,652080,6862620,2019-03-27T23:00:00.000Z,Médiocre
2.346830713456568,48.86182838996853,283,5,Airparif,UU,00851,Unité urbaine de Paris,3,1,4,5,0,#F29400,652080,6862620,2019-03-26T23:00:00.000Z,Moyen
2.346830713456568,48.86182838996853,284,4,Airparif,UU,00851,Unité urbaine de Paris,3,1,4,4,0,#84BF75,652080,6862620,2019-03-25T23:00:00.000Z,Bon
2.346830713456568,48.86182838996853,285,4,Airparif,UU,00851,Unité urbaine de Paris,3,1,4,3,0,#84BF75,652080,6862620,2019-03-24T23:00:00.000Z,Bon
2.346830713456568,48.86182838996853,286,6,Airparif,UU,00851,Unité urbaine de Paris,3,1,3,6,0,#F29400,652080,6862620,2019-03-23T23:00:00.000Z,Médiocre
2.346830713456568,48.86182838996853,287,6,Airparif,UU,00851,Unité urbaine de Paris,4,1,3,6,0,#F29400,652080,6862620,2019-03-22T23:00:00.000Z,Médiocre
2.346830713456568,48.86182838996853,288,6,Airparif,UU,00851,Unité urbaine de Paris,5,1,4,6,0,#F29400,652080,6862620,2019-03-21T23:00:00.000Z,Médiocre
2.346830713456568,48.86182838996853,289,5,Airparif,UU,00851,Unité urbaine de Paris,3,1,4,5,0,#F29400,652080,6862620,2019-03-20T23:00:00.000Z,Moyen
2.346830713456568,48.86182838996853,290,6,Airparif,UU,00851,Unité urbaine de Paris,4,1,3,6,0,#F29400,652080,6862620,2019-03-19T23:00:00.000Z,Médiocre
2.346830713456568,48.86182838996853,291,4,Airparif,UU,00851,Unité urbaine de Paris,4,1,4,4,0,#84BF75,652080,6862620,2019-03-18T23:00:00.000Z,Bon
2.346830713456568,48.86182838996853,292,3,Airparif,UU,00851,Unité urbaine de Paris,3,1,3,2,0,#84BF75,652080,6862620,2019-03-17T23:00:00.000Z,Bon
2.346830713456568,48.86182838996853,293,4,Airparif,UU,00851,Unité urbaine de Paris,1,1,4,2,0,#84BF75,652080,6862620,2019-03-16T23:00:00.000Z,Bon
2.346830713456568,48.86182838996853,294,4,Airparif,UU,00851,Unité urbaine de Paris,1,1,4,2,0,#84BF75,652080,6862620,2019-03-15T23:00:00.000Z,Bon
2.346830713456568,48.86182838996853,295,3,Airparif,UU,00851,Unité urbaine de Paris,1,1,3,2,0,#84BF75,652080,6862620,2019-03-14T23:00:00.000Z,Bon
2.346830713456568,48.86182838996853,296,3,Airparif,UU,00851,Unité urbaine de Paris,2,1,3,2,0,#84BF75,652080,6862620,2019-03-13T23:00:00.000Z,Bon
2.346830713456568,48.86182838996853,297,4,Airparif,UU,00851,Unité urbaine de Paris,2,1,4,3,0,#84BF75,652080,6862620,2019-03-12T23:00:00.000Z,Bon
2.346830713456568,48.86182838996853,298,4,Airparif,UU,00851,Unité urbaine de Paris,3,1,4,3,0,#84BF75,652080,6862620,2019-03-11T23:00:00.000Z,Bon
2.346830713456568,48.86182838996853,299,4,Airparif,UU,00851,Unité urbaine de Paris,3,1,4,3,0,#84BF75,652080,6862620,2019-03-10T23:00:00.000Z,Bon
2.346830713456568,48.86182838996853,300,4,Airparif,UU,00851,Unité urbaine de Paris,1,1,4,3,0,#84BF75,652080,6862620,2019-03-09T23:00:00.000Z,Bon
2.346830713456568,48.86182838996853,301,3,Airparif,UU,00851,Unité urbaine de Paris,2,1,3,2,0,#84BF75,652080,6862620,2019-03-08T23:00:00.000Z,Bon
2.346830713456568,48.86182838996853,302,4,Airparif,UU,00851,Unité urbaine de Paris,2,1,4,3,0,#84BF75,652080,6862620,2019-03-07T23:00:00.000Z,Bon
2.346830713456568,48.86182838996853,303,4,Airparif,UU,00851,Unité urbaine de Paris,2,1,4,2,0,#84BF75,652080,6862620,2019-03-06T23:00:00.000Z,Bon
2.346830713456568,48.86182838996853,304,3,Airparif,UU,00851,Unité urbaine de Paris,2,1,3,2,0,#84BF75,652080,6862620,2019-03-05T23:00:00.000Z,Bon
2.346830713456568,48.86182838996853,305,3,Airparif,UU,00851,Unité urbaine de Paris,2,1,3,2,0,#84BF75,652080,6862620,2019-03-04T23:00:00.000Z,Bon
2.346830713456568,48.86182838996853,306,4,Airparif,UU,00851,Unité urbaine de Paris,1,1,4,2,0,#84BF75,652080,6862620,2019-03-03T23:00:00.000Z,Bon
2.346830713456568,48.86182838996853,307,4,Airparif,UU,00851,Unité urbaine de Paris,1,1,4,3,0,#84BF75,652080,6862620,2019-03-02T23:00:00.000Z,Bon
2.346830713456568,48.86182838996853,308,3,Airparif,UU,00851,Unité urbaine de Paris,2,1,3,3,0,#84BF75,652080,6862620,2019-03-01T23:00:00.000Z,Bon
2.346830713456568,48.86182838996853,309,4,Airparif,UU,00851,Unité urbaine de Paris,2,1,4,3,0,#84BF75,652080,6862620,2019-02-28T23:00:00.000Z,Bon
2.346830713456568,48.86182838996853,310,5,Airparif,UU,00851,Unité urbaine de Paris,4,1,3,5,0,#F29400,652080,6862620,2019-02-27T23:00:00.000Z,Moyen
2.346830713456568,48.86182838996853,311,8,Airparif,UU,00851,Unité urbaine de Paris,5,1,3,8,0,#D82517,652080,6862620,2019-02-26T23:00:00.000Z,Mauvais
2.346830713456568,48.86182838996853,312,7,Airparif,UU,00851,Unité urbaine de Paris,4,1,3,7,0,#F29400,652080,6862620,2019-02-25T23:00:00.000Z,Médiocre
2.346830713456568,48.86182838996853,313,5,Airparif,UU,00851,Unité urbaine de Paris,3,1,3,5,0,#F29400,652080,6862620,2019-02-24T23:00:00.000Z,Moyen
2.346830713456568,48.86182838996853,314,4,Airparif,UU,00851,Unité urbaine de Paris,3,1,3,4,0,#84BF75,652080,6862620,2019-02-23T23:00:00.000Z,Bon
2.346830713456568,48.86182838996853,315,4,Airparif,UU,00851,Unité urbaine de Paris,3,1,3,4,0,#84BF75,652080,6862620,2019-02-22T23:00:00.000Z,Bon
2.346830713456568,48.86182838996853,316,8,Airparif,UU,00851,Unité urbaine de Paris,4,1,2,8,0,#D82517,652080,6862620,2019-02-21T23:00:00.000Z,Mauvais
2.346830713456568,48.86182838996853,317,8,Airparif,UU,00851,Unité urbaine de Paris,5,1,2,8,0,#D82517,652080,6862620,2019-02-20T23:00:00.000Z,Mauvais
2.346830713456568,48.86182838996853,318,7,Airparif,UU,00851,Unité urbaine de Paris,4,1,3,7,0,#F29400,652080,6862620,2019-02-19T23:00:00.000Z,Médiocre
2.346830713456568,48.86182838996853,319,4,Airparif,UU,00851,Unité urbaine de Paris,3,1,3,4,0,#84BF75,652080,6862620,2019-02-18T23:00:00.000Z,Bon
2.346830713456568,48.86182838996853,320,5,Airparif,UU,00851,Unité urbaine de Paris,4,1,3,5,0,#F29400,652080,6862620,2019-02-17T23:00:00.000Z,Moyen
2.346830713456568,48.86182838996853,321,5,Airparif,UU,00851,Unité urbaine de Paris,4,1,3,5,0,#F29400,652080,6862620,2019-02-16T23:00:00.000Z,Moyen
2.346830713456568,48.86182838996853,322,8,Airparif,UU,00851,Unité urbaine de Paris,4,1,3,8,0,#D82517,652080,6862620,2019-02-15T23:00:00.000Z,Mauvais
2.346830713456568,48.86182838996853,323,7,Airparif,UU,00851,Unité urbaine de Paris,5,1,2,7,0,#F29400,652080,6862620,2019-02-14T23:00:00.000Z,Médiocre
2.346830713456568,48.86182838996853,324,6,Airparif,UU,00851,Unité urbaine de Paris,3,1,2,6,0,#F29400,652080,6862620,2019-02-13T23:00:00.000Z,Médiocre
2.346830713456568,48.86182838996853,325,6,Airparif,UU,00851,Unité urbaine de Paris,3,1,2,6,0,#F29400,652080,6862620,2019-02-12T23:00:00.000Z,Médiocre
2.346830713456568,48.86182838996853,326,5,Airparif,UU,00851,Unité urbaine de Paris,4,1,2,5,0,#F29400,652080,6862620,2019-02-11T23:00:00.000Z,Moyen
2.346830713456568,48.86182838996853,327,3,Airparif,UU,00851,Unité urbaine de Paris,3,1,3,3,0,#84BF75,652080,6862620,2019-02-10T23:00:00.000Z,Bon
2.346830713456568,48.86182838996853,328,4,Airparif,UU,00851,Unité urbaine de Paris,1,1,4,2,0,#84BF75,652080,6862620,2019-02-09T23:00:00.000Z,Bon
2.346830713456568,48.86182838996853,329,3,Airparif,UU,00851,Unité urbaine de Paris,2,1,3,3,0,#84BF75,652080,6862620,2019-02-08T23:00:00.000Z,Bon
2.346830713456568,48.86182838996853,330,3,Airparif,UU,00851,Unité urbaine de Paris,2,1,3,3,0,#84BF75,652080,6862620,2019-02-07T23:00:00.000Z,Bon
2.346830713456568,48.86182838996853,331,3,Airparif,UU,00851,Unité urbaine de Paris,3,1,3,3,0,#84BF75,652080,6862620,2019-02-06T23:00:00.000Z,Bon
2.346830713456568,48.86182838996853,332,3,Airparif,UU,00851,Unité urbaine de Paris,2,1,2,3,0,#84BF75,652080,6862620,2019-02-05T23:00:00.000Z,Bon
2.346830713456568,48.86182838996853,333,3,Airparif,UU,00851,Unité urbaine de Paris,3,1,3,3,0,#84BF75,652080,6862620,2019-02-04T23:00:00.000Z,Bon
2.346830713456568,48.86182838996853,334,3,Airparif,UU,00851,Unité urbaine de Paris,3,1,2,3,0,#84BF75,652080,6862620,2019-02-03T23:00:00.000Z,Bon
2.346830713456568,48.86182838996853,335,3,Airparif,UU,00851,Unité urbaine de Paris,3,1,3,3,0,#84BF75,652080,6862620,2019-02-02T23:00:00.000Z,Bon
2.346830713456568,48.86182838996853,336,3,Airparif,UU,00851,Unité urbaine de Paris,2,1,2,3,0,#84BF75,652080,6862620,2019-02-01T23:00:00.000Z,Bon
2.346830713456568,48.86182838996853,337,3,Airparif,UU,00851,Unité urbaine de Paris,3,1,2,3,0,#84BF75,652080,6862620,2019-01-31T23:00:00.000Z,Bon
2.346830713456568,48.86182838996853,338,3,Airparif,UU,00851,Unité urbaine de Paris,3,1,3,2,0,#84BF75,652080,6862620,2019-01-30T23:00:00.000Z,Bon
2.346830713456568,48.86182838996853,339,3,Airparif,UU,00851,Unité urbaine de Paris,3,1,3,2,0,#84BF75,652080,6862620,2019-01-29T23:00:00.000Z,Bon
2.346830713456568,48.86182838996853,340,3,Airparif,UU,00851,Unité urbaine de Paris,3,1,2,3,0,#84BF75,652080,6862620,2019-01-28T23:00:00.000Z,Bon
2.346830713456568,48.86182838996853,341,3,Airparif,UU,00851,Unité urbaine de Paris,3,1,3,3,0,#84BF75,652080,6862620,2019-01-27T23:00:00.000Z,Bon
2.346830713456568,48.86182838996853,342,3,Airparif,UU,00851,Unité urbaine de Paris,2,1,3,2,0,#84BF75,652080,6862620,2019-01-26T23:00:00.000Z,Bon
2.346830713456568,48.86182838996853,343,3,Airparif,UU,00851,Unité urbaine de Paris,2,1,3,2,0,#84BF75,652080,6862620,2019-01-25T23:00:00.000Z,Bon
2.346830713456568,48.86182838996853,344,5,Airparif,UU,00851,Unité urbaine de Paris,3,1,1,5,0,#F29400,652080,6862620,2019-01-24T23:00:00.000Z,Moyen
2.346830713456568,48.86182838996853,345,6,Airparif,UU,00851,Unité urbaine de Paris,3,1,2,6,0,#F29400,652080,6862620,2019-01-23T23:00:00.000Z,Médiocre
2.346830713456568,48.86182838996853,346,3,Airparif,UU,00851,Unité urbaine de Paris,3,1,2,3,0,#84BF75,652080,6862620,2019-01-22T23:00:00.000Z,Bon
2.346830713456568,48.86182838996853,347,5,Airparif,UU,00851,Unité urbaine de Paris,2,1,2,5,0,#F29400,652080,6862620,2019-01-21T23:00:00.000Z,Moyen
2.346830713456568,48.86182838996853,348,8,Airparif,UU,00851,Unité urbaine de Paris,3,1,1,8,0,#D82517,652080,6862620,2019-01-20T23:00:00.000Z,Mauvais
2.346830713456568,48.86182838996853,349,4,Airparif,UU,00851,Unité urbaine de Paris,2,1,2,4,0,#84BF75,652080,6862620,2019-01-19T23:00:00.000Z,Bon
2.346830713456568,48.86182838996853,350,4,Airparif,UU,00851,Unité urbaine de Paris,2,1,2,4,0,#84BF75,652080,6862620,2019-01-18T23:00:00.000Z,Bon
2.346830713456568,48.86182838996853,351,5,Airparif,UU,00851,Unité urbaine de Paris,4,1,2,5,0,#F29400,652080,6862620,2019-01-17T23:00:00.000Z,Moyen
2.346830713456568,48.86182838996853,352,3,Airparif,UU,00851,Unité urbaine de Paris,3,1,3,2,0,#84BF75,652080,6862620,2019-01-16T23:00:00.000Z,Bon
2.346830713456568,48.86182838996853,353,4,Airparif,UU,00851,Unité urbaine de Paris,3,1,3,4,0,#84BF75,652080,6862620,2019-01-15T23:00:00.000Z,Bon
2.346830713456568,48.86182838996853,354,3,Airparif,UU,00851,Unité urbaine de Paris,3,1,3,3,0,#84BF75,652080,6862620,2019-01-14T23:00:00.000Z,Bon
2.346830713456568,48.86182838996853,355,3,Airparif,UU,00851,Unité urbaine de Paris,2,1,3,3,0,#84BF75,652080,6862620,2019-01-13T23:00:00.000Z,Bon
2.346830713456568,48.86182838996853,356,3,Airparif,UU,00851,Unité urbaine de Paris,1,1,3,2,0,#84BF75,652080,6862620,2019-01-12T23:00:00.000Z,Bon
2.346830713456568,48.86182838996853,357,3,Airparif,UU,00851,Unité urbaine de Paris,2,1,2,3,0,#84BF75,652080,6862620,2019-01-11T23:00:00.000Z,Bon
2.346830713456568,48.86182838996853,358,3,Airparif,UU,00851,Unité urbaine de Paris,3,1,2,3,0,#84BF75,652080,6862620,2019-01-10T23:00:00.000Z,Bon
2.346830713456568,48.86182838996853,359,3,Airparif,UU,00851,Unité urbaine de Paris,3,1,2,3,0,#84BF75,652080,6862620,2019-01-09T23:00:00.000Z,Bon
2.346830713456568,48.86182838996853,360,3,Airparif,UU,00851,Unité urbaine de Paris,2,1,3,3,0,#84BF75,652080,6862620,2019-01-08T23:00:00.000Z,Bon
2.346830713456568,48.86182838996853,361,3,Airparif,UU,00851,Unité urbaine de Paris,2,1,3,3,0,#84BF75,652080,6862620,2019-01-07T23:00:00.000Z,Bon
2.346830713456568,48.86182838996853,362,4,Airparif,UU,00851,Unité urbaine de Paris,3,1,2,4,0,#84BF75,652080,6862620,2019-01-06T23:00:00.000Z,Bon
2.346830713456568,48.86182838996853,363,5,Airparif,UU,00851,Unité urbaine de Paris,3,1,2,5,0,#F29400,652080,6862620,2019-01-05T23:00:00.000Z,Moyen
2.346830713456568,48.86182838996853,364,4,Airparif,UU,00851,Unité urbaine de Paris,2,1,2,4,0,#84BF75,652080,6862620,2019-01-04T23:00:00.000Z,Bon
2.346830713456568,48.86182838996853,365,4,Airparif,UU,00851,Unité urbaine de Paris,3,1,2,4,0,#84BF75,652080,6862620,2019-01-03T23:00:00.000Z,Bon
2.346830713456568,48.86182838996853,366,3,Airparif,UU,00851,Unité urbaine de Paris,3,1,3,3,0,#84BF75,652080,6862620,2020-01-03T23:00:00.000Z,Bon
2.346830713456568,48.86182838996853,367,3,Airparif,UU,00851,Unité urbaine de Paris,3,1,3,3,0,#84BF75,652080,6862620,2020-01-04T23:00:00.000Z,Bon
2.346830713456568,48.86182838996853,368,3,Airparif,UU,00851,Unité urbaine de Paris,3,1,2,3,0,#84BF75,652080,6862620,2020-01-05T23:00:00.000Z,Bon
2.346830713456568,48.86182838996853,369,3,Airparif,UU,00851,Unité urbaine de Paris,3,1,2,3,0,#84BF75,652080,6862620,2020-01-06T23:00:00.000Z,Bon
2.346830713456568,48.86182838996853,370,2,Airparif,UU,00851,Unité urbaine de Paris,2,1,2,2,0,#84BF75,652080,6862620,2020-01-07T23:00:00.000Z,Très bon
2.346830713456568,48.86182838996853,371,3,Airparif,UU,00851,Unité urbaine de Paris,2,1,3,2,0,#84BF75,652080,6862620,2020-01-08T23:00:00.000Z,Bon
2.346830713456568,48.86182838996853,372,3,Airparif,UU,00851,Unité urbaine de Paris,2,1,3,2,0,#84BF75,652080,6862620,2020-01-09T23:00:00.000Z,Bon
2.346830713456568,48.86182838996853,373,3,Airparif,UU,00851,Unité urbaine de Paris,3,1,3,3,0,#84BF75,652080,6862620,2020-01-10T23:00:00.000Z,Bon
2.346830713456568,48.86182838996853,374,2,Airparif,UU,00851,Unité urbaine de Paris,2,1,2,2,0,#84BF75,652080,6862620,2020-01-11T23:00:00.000Z,Très bon
2.346830713456568,48.86182838996853,375,3,Airparif,UU,00851,Unité urbaine de Paris,2,1,3,2,0,#84BF75,652080,6862620,2020-01-12T23:00:00.000Z,Bon
2.346830713456568,48.86182838996853,376,3,Airparif,UU,00851,Unité urbaine de Paris,1,1,3,2,0,#84BF75,652080,6862620,2020-01-13T23:00:00.000Z,Bon
2.346830713456568,48.86182838996853,377,3,Airparif,UU,00851,Unité urbaine de Paris,3,1,3,3,0,#84BF75,652080,6862620,2020-01-14T23:00:00.000Z,Bon
2.346830713456568,48.86182838996853,378,3,Airparif,UU,00851,Unité urbaine de Paris,3,1,3,3,0,#84BF75,652080,6862620,2020-01-15T23:00:00.000Z,Bon
2.346830713456568,48.86182838996853,379,3,Airparif,UU,00851,Unité urbaine de Paris,2,1,3,2,0,#84BF75,652080,6862620,2020-01-16T23:00:00.000Z,Bon
2.346830713456568,48.86182838996853,380,3,Airparif,UU,00851,Unité urbaine de Paris,3,1,3,3,0,#84BF75,652080,6862620,2020-01-17T23:00:00.000Z,Bon
2.346830713456568,48.86182838996853,381,4,Airparif,UU,00851,Unité urbaine de Paris,2,1,3,4,0,#84BF75,652080,6862620,2020-01-18T23:00:00.000Z,Bon
2.346830713456568,48.86182838996853,382,4,Airparif,UU,00851,Unité urbaine de Paris,3,1,2,4,0,#84BF75,652080,6862620,2020-01-19T23:00:00.000Z,Bon
2.346830713456568,48.86182838996853,383,5,Airparif,UU,00851,Unité urbaine de Paris,3,1,2,5,0,#F29400,652080,6862620,2020-01-20T23:00:00.000Z,Moyen
2.346830713456568,48.86182838996853,384,6,Airparif,UU,00851,Unité urbaine de Paris,3,1,1,6,0,#F29400,652080,6862620,2020-01-21T23:00:00.000Z,Médiocre
2.346830713456568,48.86182838996853,385,4,Airparif,UU,00851,Unité urbaine de Paris,2,1,2,4,0,#84BF75,652080,6862620,2020-01-22T23:00:00.000Z,Bon
2.346830713456568,48.86182838996853,386,8,Airparif,UU,00851,Unité urbaine de Paris,2,1,1,8,0,#D82517,652080,6862620,2020-01-23T23:00:00.000Z,Mauvais
2.346830713456568,48.86182838996853,387,8,Airparif,UU,00851,Unité urbaine de Paris,3,1,1,8,0,#D82517,652080,6862620,2020-01-24T23:00:00.000Z,Mauvais
2.346830713456568,48.86182838996853,388,7,Airparif,UU,00851,Unité urbaine de Paris,2,1,2,7,0,#F29400,652080,6862620,2020-01-25T23:00:00.000Z,Médiocre
2.346830713456568,48.86182838996853,389,3,Airparif,UU,00851,Unité urbaine de Paris,2,1,3,2,0,#84BF75,652080,6862620,2020-01-26T23:00:00.000Z,Bon
2.346830713456568,48.86182838996853,390,3,Airparif,UU,00851,Unité urbaine de Paris,2,1,3,2,0,#84BF75,652080,6862620,2020-01-27T23:00:00.000Z,Bon
2.346830713456568,48.86182838996853,391,3,Airparif,UU,00851,Unité urbaine de Paris,3,1,3,3,0,#84BF75,652080,6862620,2020-01-28T23:00:00.000Z,Bon
2.346830713456568,48.86182838996853,392,2,Airparif,UU,00851,Unité urbaine de Paris,2,1,2,2,0,#84BF75,652080,6862620,2020-01-29T23:00:00.000Z,Très bon
2.346830713456568,48.86182838996853,393,2,Airparif,UU,00851,Unité urbaine de Paris,2,1,2,1,0,#84BF75,652080,6862620,2020-01-30T23:00:00.000Z,Très bon
2.346830713456568,48.86182838996853,394,3,Airparif,UU,00851,Unité urbaine de Paris,1,1,3,1,0,#84BF75,652080,6862620,2020-01-31T23:00:00.000Z,Bon
2.346830713456568,48.86182838996853,395,3,Airparif,UU,00851,Unité urbaine de Paris,1,1,3,1,0,#84BF75,652080,6862620,2020-02-01T23:00:00.000Z,Bon
2.346830713456568,48.86182838996853,396,3,Airparif,UU,00851,Unité urbaine de Paris,2,1,3,2,0,#84BF75,652080,6862620,2020-02-02T23:00:00.000Z,Bon
2.346830713456568,48.86182838996853,397,3,Airparif,UU,00851,Unité urbaine de Paris,2,1,3,3,0,#84BF75,652080,6862620,2020-02-03T23:00:00.000Z,Bon
2.346830713456568,48.86182838996853,398,3,Airparif,UU,00851,Unité urbaine de Paris,3,1,3,3,0,#84BF75,652080,6862620,2020-02-04T23:00:00.000Z,Bon
2.346830713456568,48.86182838996853,399,4,Airparif,UU,00851,Unité urbaine de Paris,3,1,3,4,0,#84BF75,652080,6862620,2020-02-05T23:00:00.000Z,Bon
2.346830713456568,48.86182838996853,400,4,Airparif,UU,00851,Unité urbaine de Paris,3,1,2,4,0,#84BF75,652080,6862620,2020-02-06T23:00:00.000Z,Bon
2.346830713456568,48.86182838996853,401,3,Airparif,UU,00851,Unité urbaine de Paris,2,1,2,3,0,#84BF75,652080,6862620,2020-02-07T23:00:00.000Z,Bon
2.346830713456568,48.86182838996853,402,3,Airparif,UU,00851,Unité urbaine de Paris,1,1,3,2,0,#84BF75,652080,6862620,2020-02-08T23:00:00.000Z,Bon
2.346830713456568,48.86182838996853,403,3,Airparif,UU,00851,Unité urbaine de Paris,1,1,3,3,0,#84BF75,652080,6862620,2020-02-09T23:00:00.000Z,Bon
2.346830713456568,48.86182838996853,404,3,Airparif,UU,00851,Unité urbaine de Paris,2,1,3,2,0,#84BF75,652080,6862620,2020-02-10T23:00:00.000Z,Bon
2.346830713456568,48.86182838996853,405,3,Airparif,UU,00851,Unité urbaine de Paris,3,1,3,3,0,#84BF75,652080,6862620,2020-02-11T23:00:00.000Z,Bon
2.346830713456568,48.86182838996853,406,3,Airparif,UU,00851,Unité urbaine de Paris,1,1,3,3,0,#84BF75,652080,6862620,2020-02-12T23:00:00.000Z,Bon
2.346830713456568,48.86182838996853,407,4,Airparif,UU,00851,Unité urbaine de Paris,2,1,3,4,0,#84BF75,652080,6862620,2020-02-13T23:00:00.000Z,Bon
2.346830713456568,48.86182838996853,408,4,Airparif,UU,00851,Unité urbaine de Paris,2,1,3,4,0,#84BF75,652080,6862620,2020-02-14T23:00:00.000Z,Bon
2.346830713456568,48.86182838996853,409,3,Airparif,UU,00851,Unité urbaine de Paris,1,1,3,2,0,#84BF75,652080,6862620,2020-02-15T23:00:00.000Z,Bon
2.346830713456568,48.86182838996853,410,3,Airparif,UU,00851,Unité urbaine de Paris,2,1,3,2,0,#84BF75,652080,6862620,2020-02-16T23:00:00.000Z,Bon
2.346830713456568,48.86182838996853,411,3,Airparif,UU,00851,Unité urbaine de Paris,2,1,3,2,0,#84BF75,652080,6862620,2020-02-17T23:00:00.000Z,Bon
2.346830713456568,48.86182838996853,412,3,Airparif,UU,00851,Unité urbaine de Paris,2,1,3,2,0,#84BF75,652080,6862620,2020-02-18T23:00:00.000Z,Bon
2.346830713456568,48.86182838996853,413,3,Airparif,UU,00851,Unité urbaine de Paris,2,1,3,2,0,#84BF75,652080,6862620,2020-02-19T23:00:00.000Z,Bon
2.346830713456568,48.86182838996853,414,3,Airparif,UU,00851,Unité urbaine de Paris,3,1,3,3,0,#84BF75,652080,6862620,2020-02-20T23:00:00.000Z,Bon
2.346830713456568,48.86182838996853,415,3,Airparif,UU,00851,Unité urbaine de Paris,1,1,3,3,0,#84BF75,652080,6862620,2020-02-21T23:00:00.000Z,Bon
2.346830713456568,48.86182838996853,416,3,Airparif,UU,00851,Unité urbaine de Paris,1,1,3,1,0,#84BF75,652080,6862620,2020-02-22T23:00:00.000Z,Bon
2.346830713456568,48.86182838996853,417,3,Airparif,UU,00851,Unité urbaine de Paris,1,1,3,1,0,#84BF75,652080,6862620,2020-02-23T23:00:00.000Z,Bon
2.346830713456568,48.86182838996853,418,3,Airparif,UU,00851,Unité urbaine de Paris,2,1,3,2,0,#84BF75,652080,6862620,2020-02-24T23:00:00.000Z,Bon
2.346830713456568,48.86182838996853,419,3,Airparif,UU,00851,Unité urbaine de Paris,2,1,3,2,0,#84BF75,652080,6862620,2020-02-25T23:00:00.000Z,Bon
2.346830713456568,48.86182838996853,420,3,Airparif,UU,00851,Unité urbaine de Paris,2,1,3,2,0,#84BF75,652080,6862620,2020-02-26T23:00:00.000Z,Bon
2.346830713456568,48.86182838996853,421,4,Airparif,UU,00851,Unité urbaine de Paris,3,1,3,4,0,#84BF75,652080,6862620,2020-02-27T23:00:00.000Z,Bon
2.346830713456568,48.86182838996853,422,4,Airparif,UU,00851,Unité urbaine de Paris,1,1,3,4,0,#84BF75,652080,6862620,2020-02-28T23:00:00.000Z,Bon
2.346830713456568,48.86182838996853,423,3,Airparif,UU,00851,Unité urbaine de Paris,2,1,3,2,0,#84BF75,652080,6862620,2020-02-29T23:00:00.000Z,Bon
2.346830713456568,48.86182838996853,424,3,Airparif,UU,00851,Unité urbaine de Paris,2,1,3,2,0,#84BF75,652080,6862620,2020-03-01T23:00:00.000Z,Bon
2.346830713456568,48.86182838996853,425,3,Airparif,UU,00851,Unité urbaine de Paris,3,1,3,3,0,#84BF75,652080,6862620,2020-03-02T23:00:00.000Z,Bon
2.346830713456568,48.86182838996853,426,3,Airparif,UU,00851,Unité urbaine de Paris,3,1,3,3,0,#84BF75,652080,6862620,2020-03-03T23:00:00.000Z,Bon
2.346830713456568,48.86182838996853,427,3,Airparif,UU,00851,Unité urbaine de Paris,2,1,3,2,0,#84BF75,652080,6862620,2020-03-04T23:00:00.000Z,Bon
2.346830713456568,48.86182838996853,428,3,Airparif,UU,00851,Unité urbaine de Paris,3,1,3,3,0,#84BF75,652080,6862620,2020-03-05T23:00:00.000Z,Bon
2.346830713456568,48.86182838996853,429,3,Airparif,UU,00851,Unité urbaine de Paris,3,1,3,3,0,#84BF75,652080,6862620,2020-03-06T23:00:00.000Z,Bon
2.346830713456568,48.86182838996853,430,3,Airparif,UU,00851,Unité urbaine de Paris,2,1,3,2,0,#84BF75,652080,6862620,2020-03-07T23:00:00.000Z,Bon
2.346830713456568,48.86182838996853,431,3,Airparif,UU,00851,Unité urbaine de Paris,2,1,3,3,0,#84BF75,652080,6862620,2020-03-08T23:00:00.000Z,Bon
2.346830713456568,48.86182838996853,432,3,Airparif,UU,00851,Unité urbaine de Paris,1,1,3,1,0,#84BF75,652080,6862620,2020-03-09T23:00:00.000Z,Bon
2.346830713456568,48.86182838996853,433,3,Airparif,UU,00851,Unité urbaine de Paris,1,1,3,2,0,#84BF75,652080,6862620,2020-03-10T23:00:00.000Z,Bon
2.346830713456568,48.86182838996853,434,4,Airparif,UU,00851,Unité urbaine de Paris,1,1,4,2,0,#84BF75,652080,6862620,2020-03-11T23:00:00.000Z,Bon
2.346830713456568,48.86182838996853,435,3,Airparif,UU,00851,Unité urbaine de Paris,3,1,3,3,0,#84BF75,652080,6862620,2020-03-12T23:00:00.000Z,Bon
2.346830713456568,48.86182838996853,436,3,Airparif,UU,00851,Unité urbaine de Paris,2,1,3,3,0,#84BF75,652080,6862620,2020-03-13T23:00:00.000Z,Bon
2.346830713456568,48.86182838996853,437,4,Airparif,UU,00851,Unité urbaine de Paris,3,1,4,3,0,#84BF75,652080,6862620,2020-03-14T23:00:00.000Z,Bon
2.346830713456568,48.86182838996853,438,3,Airparif,UU,00851,Unité urbaine de Paris,3,1,2,3,0,#84BF75,652080,6862620,2020-03-15T23:00:00.000Z,Bon
2.346830713456568,48.86182838996853,439,5,Airparif,UU,00851,Unité urbaine de Paris,3,1,2,5,0,#F29400,652080,6862620,2020-03-16T23:00:00.000Z,Moyen
2.346830713456568,48.86182838996853,440,5,Airparif,UU,00851,Unité urbaine de Paris,2,1,4,5,0,#F29400,652080,6862620,2020-03-18T23:00:00.000Z,Moyen
2.346830713456568,48.86182838996853,441,6,Airparif,UU,00851,Unité urbaine de Paris,1,1,3,6,0,#F29400,652080,6862620,2020-03-19T23:00:00.000Z,Médiocre
2.346830713456568,48.86182838996853,442,3,Airparif,UU,00851,Unité urbaine de Paris,1,1,3,2,0,#84BF75,652080,6862620,2020-03-20T23:00:00.000Z,Bon
2.346830713456568,48.86182838996853,443,3,Airparif,UU,00851,Unité urbaine de Paris,1,1,3,2,0,#84BF75,652080,6862620,2020-03-21T23:00:00.000Z,Bon
2.346830713456568,48.86182838996853,444,4,Airparif,UU,00851,Unité urbaine de Paris,,,,,0,#84BF75,652080,6862620,2020-03-22T23:00:00.000Z,Bon
2.346830713456568,48.86182838996853,445,4,Airparif,UU,00851,Unité urbaine de Paris,2,1,4,4,0,#84BF75,652080,6862620,2020-03-24T23:00:00.000Z,Bon
2.346830713456568,48.86182838996853,446,4,Airparif,UU,00851,Unité urbaine de Paris,2,1,4,4,0,#84BF75,652080,6862620,2020-03-25T23:00:00.000Z,Bon
2.346830713456568,48.86182838996853,447,5,Airparif,UU,00851,Unité urbaine de Paris,,,,,0,#F29400,652080,6862620,2020-03-26T23:00:00.000Z,Moyen
